iter	RMSE
0	57.70556744
75	46.46421401
150	43.57810171
225	42.10517794
300	41.04055328
375	40.18599501
450	39.43302055
499	38.98395828
